numer_sta;date;pmer;tend;cod_tend;dd;ff;t;td;u;vv;ww;w1;w2;n;nbas;hbas;cl;cm;ch;pres;niv_bar;geop;tend24;tn12;tn24;tx12;tx24;tminsol;sw;tw;raf10;rafper;per;etat_sol;ht_neige;ssfrai;perssfrai;rr1;rr3;rr6;rr12;rr24;phenspe1;phenspe2;phenspe3;phenspe4;nnuage1;ctype1;hnuage1;nnuage2;ctype2;hnuage2;nnuage3;ctype3;hnuage3;nnuage4;ctype4;hnuage4;
07005;20210319120000;102660;140;1;40;6.800000;280.950000;274.750000;65;19700;0;mq;mq;mq;mq;mq;mq;mq;mq;101770;mq;mq;-40;mq;mq;mq;mq;274.250000;mq;mq;10.500000;11.800000;-10;mq;0.000000;mq;mq;0.000000;0.000000;0.000000;-0.100000;0.600000;mq;mq;mq;mq;mq;mq;mq;mq;mq;mq;mq;mq;mq;mq;mq;mq;
07015;20210319120000;102630;120;1;40;8.500000;281.150000;272.150000;53;12980;0;mq;mq;mq;1;1250;mq;mq;mq;102050;mq;mq;70;mq;mq;mq;mq;273.850000;mq;mq;11.600000;12.600000;-10;0;0.000000;mq;mq;0.000000;0.000000;0.000000;0.000000;0.400000;mq;mq;mq;mq;1;mq;1320;mq;mq;mq;mq;mq;mq;mq;mq;mq;
07020;20210319120000;102740;170;1;60;10.700000;281.250000;277.450000;77;12000;1;0;mq;50;4;800;31;20;10;102630;mq;mq;-280;mq;mq;mq;mq;mq;mq;mq;13.400000;14.900000;-10;mq;mq;mq;mq;-0.100000;-0.100000;0.400000;0.400000;0.800000;mq;mq;mq;mq;4;8;800;mq;mq;mq;mq;mq;mq;mq;mq;mq;
07027;20210319120000;102600;120;1;50;7.800000;280.850000;274.050000;62;19170;0;mq;mq;mq;1;800;mq;mq;mq;101770;mq;mq;-300;mq;mq;mq;mq;279.350000;mq;mq;12.700000;13.000000;-10;1;0.000000;mq;mq;0.000000;0.000000;0.000000;0.600000;2.200000;mq;mq;mq;mq;1;mq;900;mq;mq;mq;mq;mq;mq;mq;mq;mq;
07037;20210319120000;102540;110;3;30;8.900000;281.050000;272.350000;54;26450;0;mq;mq;mq;1;1250;mq;mq;mq;100670;mq;mq;-180;mq;mq;mq;mq;276.350000;mq;mq;12.500000;12.500000;-10;mq;0.000000;mq;mq;0.000000;0.000000;0.000000;0.200000;1.000000;mq;mq;mq;mq;1;mq;1050;mq;mq;mq;mq;mq;mq;mq;mq;mq;
07072;20210319120000;102280;140;1;40;7.800000;279.950000;271.250000;54;18760;0;mq;mq;90;6;1250;mq;mq;mq;101110;mq;mq;-240;mq;mq;mq;mq;274.950000;mq;mq;11.600000;12.700000;-10;0;0.000000;mq;mq;0.000000;0.000000;0.000000;0.000000;-0.100000;mq;mq;mq;mq;2;mq;1230;6;mq;1440;7;mq;1800;mq;mq;mq;
07110;20210319120000;102620;110;1;40;9.100000;283.150000;279.450000;78;49460;0;mq;mq;100;8;800;mq;mq;mq;101420;mq;mq;-570;mq;mq;mq;mq;280.450000;mq;mq;15.400000;15.400000;-10;0;0.000000;mq;mq;0.000000;0.000000;0.000000;0.000000;0.000000;mq;mq;mq;mq;5;mq;660;8;mq;870;mq;mq;mq;mq;mq;mq;
07117;20210319120000;102600;100;1;50;11.500000;282.050000;280.050000;87;12000;2;2;mq;90;7;800;34;22;mq;101890;mq;mq;-580;mq;mq;mq;mq;mq;mq;mq;16.300000;17.700000;-10;1;mq;mq;mq;0.000000;0.000000;0.000000;0.000000;0.000000;mq;mq;mq;mq;3;6;900;4;4;2500;mq;mq;mq;mq;mq;mq;
07130;20210319120000;102390;90;1;20;8.600000;284.350000;274.850000;52;18150;0;mq;mq;mq;2;1250;mq;mq;mq;101940;mq;mq;-560;mq;mq;mq;mq;280.350000;mq;mq;12.600000;16.200000;-10;0;0.000000;mq;mq;0.000000;0.000000;0.000000;0.400000;0.400000;mq;mq;mq;mq;2;mq;1200;mq;mq;mq;mq;mq;mq;mq;mq;mq;
07139;20210319120000;102420;160;1;20;7.800000;280.350000;273.950000;64;19980;0;mq;mq;mq;1;800;mq;mq;mq;100630;mq;mq;-360;mq;mq;mq;mq;279.650000;mq;mq;11.800000;12.900000;-10;0;mq;mq;mq;0.000000;0.000000;0.000000;1.200000;1.200000;mq;mq;mq;mq;1;mq;900;mq;mq;mq;mq;mq;mq;mq;mq;mq;
07149;20210319120000;102320;130;1;30;8.500000;280.750000;273.250000;59;15980;0;0;0;75;6;1250;mq;mq;mq;101210;mq;mq;-300;mq;mq;mq;mq;mq;mq;mq;12.600000;14.500000;-10;0;0.000000;mq;mq;0.000000;0.000000;0.000000;0.200000;2.000000;mq;mq;mq;mq;5;mq;1170;6;mq;1440;mq;mq;mq;mq;mq;mq;
07168;20210319120000;102140;150;1;20;6.400000;279.450000;273.950000;68;19890;0;mq;mq;100;7;800;mq;mq;mq;100680;mq;mq;-390;mq;mq;mq;mq;275.750000;mq;mq;10.200000;10.800000;-10;0;0.000000;mq;mq;0.000000;0.000000;0.000000;2.200000;4.200000;mq;mq;mq;mq;6;mq;810;7;mq;1080;7;mq;1290;mq;8;mq;
07181;20210319120000;102160;190;1;30;7.000000;275.350000;272.950000;84;9720;0;mq;mq;100;8;450;mq;mq;mq;97930;mq;mq;-300;mq;mq;mq;mq;274.550000;mq;mq;10.400000;10.400000;-10;mq;mq;mq;mq;-0.100000;-0.100000;0.800000;1.600000;1.600000;mq;mq;mq;mq;7;mq;540;8;mq;750;mq;mq;mq;mq;mq;mq;
07190;20210319120000;102040;110;1;30;5.700000;278.850000;275.350000;78;12150;0;mq;mq;90;7;800;mq;mq;mq;100180;mq;mq;-350;mq;mq;mq;mq;275.850000;mq;mq;8.300000;9.900000;-10;0;0.000000;mq;mq;0.000000;0.200000;1.600000;2.200000;2.400000;mq;mq;mq;mq;3;mq;720;4;mq;960;7;mq;1170;mq;mq;mq;
07207;20210319120000;102300;60;1;30;9.600000;285.650000;277.650000;58;25000;1;0;mq;10;1;800;31;20;10;101780;mq;mq;-720;mq;mq;mq;mq;mq;mq;mq;13.400000;17.100000;-10;0;mq;mq;mq;0.000000;0.000000;0.000000;0.000000;0.000000;mq;mq;mq;mq;1;8;800;mq;mq;mq;mq;mq;mq;mq;mq;mq;
07222;20210319120000;102200;110;1;50;9.000000;283.850000;273.550000;49;19760;0;mq;mq;mq;2;1250;mq;mq;mq;101880;mq;mq;-660;mq;mq;mq;mq;281.550000;mq;mq;15.100000;15.100000;-10;0;0.000000;mq;mq;0.000000;0.000000;0.400000;1.800000;1.800000;mq;mq;mq;mq;2;mq;1170;mq;mq;mq;mq;mq;mq;mq;mq;mq;
07240;20210319120000;102200;120;2;40;6.100000;280.750000;275.050000;67;32040;0;mq;mq;90;7;1250;mq;mq;mq;100820;mq;mq;-530;mq;mq;mq;mq;279.350000;mq;mq;12.700000;12.700000;-10;0;0.000000;mq;mq;0.000000;0.000000;0.000000;0.800000;0.800000;mq;mq;mq;mq;7;mq;1230;mq;mq;mq;mq;mq;mq;mq;mq;mq;
07255;20210319120000;102010;120;2;40;5.400000;278.750000;275.550000;80;19980;0;mq;mq;mq;mq;mq;mq;mq;mq;99970;mq;mq;-600;mq;mq;mq;mq;277.750000;mq;mq;9.700000;12.200000;-10;mq;0.000000;mq;mq;-0.100000;0.200000;0.400000;3.000000;5.400000;mq;mq;mq;mq;mq;mq;mq;mq;mq;mq;mq;mq;mq;mq;mq;mq;
07280;20210319120000;101840;30;3;20;6.600000;278.850000;272.350000;63;19500;0;mq;mq;mq;3;1250;mq;mq;mq;99060;mq;mq;-550;mq;mq;mq;mq;278.150000;mq;mq;11.400000;11.400000;-10;0;0.000000;mq;mq;0.000000;0.000000;0.000000;-0.100000;-0.100000;mq;mq;mq;mq;3;mq;1200;3;mq;1620;mq;mq;mq;mq;mq;mq;
07299;20210319120000;101850;20;2;360;5.700000;278.750000;273.950000;71;15000;3;2;2;90;7;450;38;mq;mq;98520;mq;mq;-490;mq;mq;mq;mq;270.150000;mq;mq;8.100000;8.100000;-10;0;0.000000;0.000000;-60;0.000000;0.000000;0.000000;0.000000;-0.100000;mq;mq;mq;mq;1;8;550;4;8;750;1;8;1050;7;6;1600;
07314;20210319120000;102060;150;1;40;8.800000;282.750000;275.350000;60;mq;mq;2;mq;mq;mq;mq;mq;mq;mq;101780;mq;mq;-800;mq;mq;mq;mq;mq;mq;mq;13.400000;15.400000;-10;mq;mq;mq;mq;0.000000;0.000000;0.000000;0.600000;0.600000;mq;mq;mq;mq;mq;mq;mq;mq;mq;mq;mq;mq;mq;mq;mq;mq;
07335;20210319120000;102020;80;1;20;8.100000;280.750000;274.750000;66;18930;0;mq;mq;100;8;800;mq;mq;mq;100550;mq;mq;-720;mq;mq;mq;mq;279.350000;mq;mq;12.500000;14.000000;-10;0;0.000000;mq;mq;0.000000;0.000000;0.200000;1.000000;1.000000;mq;mq;mq;mq;3;mq;900;8;mq;1170;mq;mq;mq;mq;mq;mq;
07434;20210319120000;101800;90;3;20;7.900000;277.850000;275.750000;86;4460;61;mq;mq;100;8;450;mq;mq;mq;96920;mq;mq;-760;mq;mq;mq;mq;275.750000;mq;mq;13.000000;13.600000;-10;mq;0.000000;mq;mq;-0.100000;-0.100000;0.600000;4.600000;5.000000;mq;mq;mq;mq;5;mq;450;7;mq;600;8;mq;1200;mq;mq;mq;
07460;20210319120000;101850;110;1;340;7.100000;275.850000;273.250000;83;6050;0;mq;mq;75;6;450;mq;mq;mq;97850;mq;mq;-560;mq;mq;mq;mq;274.450000;mq;mq;10.400000;11.300000;-10;2;0.000000;mq;mq;0.000000;0.000000;1.000000;8.300000;9.100000;mq;mq;mq;mq;5;mq;300;6;mq;1500;mq;mq;mq;mq;mq;mq;
07471;20210319120000;mq;60;3;60;5.200000;274.250000;267.550000;61;20000;0;mq;mq;100;8;800;mq;mq;mq;91730;92500;766;-610;mq;mq;mq;mq;271.350000;mq;mq;10.000000;10.000000;-10;0;0.000000;mq;mq;0.000000;0.000000;-0.100000;-0.100000;-0.100000;mq;mq;mq;mq;5;mq;900;7;mq;1140;8;mq;1350;mq;mq;mq;
07481;20210319120000;101570;-10;5;350;6.900000;280.250000;272.750000;59;30000;3;0;0;50;4;1250;31;20;10;98660;mq;mq;-630;mq;mq;mq;mq;mq;mq;mq;11.700000;15.900000;-10;0;0.000000;0.000000;-60;0.000000;0.000000;0.000000;0.000000;0.000000;mq;mq;mq;mq;4;8;1050;mq;mq;mq;mq;mq;mq;mq;mq;mq;
07510;20210319120000;101800;0;4;50;7.400000;282.950000;276.650000;65;45980;0;mq;mq;90;7;800;mq;mq;mq;101210;mq;mq;-910;mq;mq;mq;mq;281.050000;mq;mq;12.300000;12.700000;-10;0;0.000000;mq;mq;0.000000;0.000000;0.400000;0.800000;0.800000;mq;mq;mq;mq;3;mq;870;4;mq;1050;7;mq;1260;mq;mq;mq;
07535;20210319120000;101540;0;5;360;4.300000;281.050000;273.950000;61;20000;0;mq;mq;100;7;1250;mq;mq;mq;98390;mq;mq;-910;mq;mq;mq;mq;278.550000;mq;mq;8.900000;10.600000;-10;0;0.000000;mq;mq;0.000000;0.000000;0.200000;2.000000;2.000000;mq;mq;mq;mq;6;mq;1110;7;mq;1320;8;mq;1620;mq;mq;mq;
07558;20210319120000;101300;-10;6;20;6.000000;277.650000;271.450000;64;20000;0;mq;mq;mq;mq;mq;mq;mq;mq;92880;mq;mq;-760;mq;mq;mq;mq;273.550000;mq;mq;9.400000;9.400000;-10;mq;0.000000;mq;mq;0.000000;0.000000;1.600000;2.200000;2.200000;mq;mq;mq;mq;mq;mq;mq;mq;mq;mq;mq;mq;mq;mq;mq;mq;
07577;20210319120000;101390;-10;8;20;6.900000;282.250000;270.950000;45;19640;0;mq;mq;mq;mq;mq;mq;mq;mq;100490;mq;mq;-660;mq;mq;mq;mq;274.950000;mq;mq;13.000000;13.400000;-10;mq;0.000000;mq;mq;0.000000;0.000000;0.000000;0.000000;0.000000;mq;mq;mq;mq;mq;mq;mq;mq;mq;mq;mq;mq;mq;mq;mq;mq;
07591;20210319120000;mq;40;6;50;5.100000;280.150000;264.950000;33;mq;mq;mq;mq;mq;mq;mq;mq;mq;mq;90880;mq;mq;-340;mq;271.750000;mq;282.150000;mq;mq;mq;mq;mq;mq;mq;mq;mq;mq;0.000000;0.000000;0.000000;0.000000;0.000000;mq;mq;mq;mq;mq;mq;mq;mq;mq;mq;mq;mq;mq;mq;mq;mq;
07607;20210319120000;101690;-70;7;30;4.000000;282.950000;278.550000;74;53920;0;mq;mq;90;6;800;mq;mq;mq;100970;mq;mq;-900;mq;mq;mq;mq;280.950000;mq;mq;6.500000;7.600000;-10;mq;0.000000;mq;mq;0.000000;-0.100000;-0.100000;-0.100000;-0.100000;mq;mq;mq;mq;3;mq;660;5;mq;840;6;mq;1350;mq;mq;mq;
07621;20210319120000;101720;-20;5;270;3.300000;277.150000;276.150000;93;15430;60;mq;mq;100;8;450;mq;mq;mq;97290;mq;mq;-810;mq;mq;mq;mq;278.950000;mq;mq;4.900000;7.200000;-10;2;0.000000;mq;mq;-0.100000;0.400000;1.400000;1.800000;1.800000;mq;mq;mq;mq;3;mq;300;8;mq;450;mq;mq;mq;mq;mq;mq;
07627;20210319120000;101690;-40;6;300;2.600000;276.250000;275.250000;93;20000;61;mq;mq;100;8;450;mq;mq;mq;96640;mq;mq;-790;mq;mq;mq;mq;274.850000;mq;mq;4.000000;5.500000;-10;2;0.000000;mq;mq;0.400000;2.000000;4.200000;5.000000;5.200000;mq;mq;mq;mq;6;mq;300;7;mq;450;7;mq;780;mq;mq;mq;
07630;20210319120000;101580;-60;6;280;3.400000;279.350000;277.850000;90;20820;0;mq;mq;100;8;450;mq;mq;mq;99740;mq;mq;-860;mq;mq;mq;mq;279.350000;mq;mq;4.900000;6.700000;-10;mq;0.000000;mq;mq;-0.100000;0.200000;1.400000;1.800000;1.800000;mq;mq;mq;mq;4;mq;450;5;mq;600;6;mq;870;mq;mq;mq;
07643;20210319120000;101310;-40;7;20;6.500000;284.450000;269.550000;35;53790;0;mq;mq;75;6;1750;mq;mq;mq;101210;mq;mq;-630;mq;mq;mq;mq;272.350000;mq;mq;9.800000;12.500000;-10;mq;0.000000;mq;mq;0.000000;0.000000;0.000000;0.000000;0.000000;mq;mq;mq;mq;6;mq;1980;mq;mq;mq;mq;mq;mq;mq;mq;mq;
07650;20210319120000;101280;30;0;360;4.800000;280.250000;277.850000;85;12680;61;mq;mq;100;8;800;mq;mq;mq;100890;mq;mq;-420;mq;mq;mq;mq;278.750000;mq;mq;6.500000;7.500000;-10;2;0.000000;mq;mq;0.600000;0.600000;0.600000;0.600000;0.600000;mq;mq;mq;mq;3;mq;930;8;mq;1350;mq;8;mq;mq;mq;mq;
07661;20210319120000;mq;mq;mq;80;10.100000;mq;mq;mq;mq;mq;mq;mq;mq;mq;mq;mq;mq;mq;mq;mq;mq;mq;mq;mq;mq;mq;mq;mq;mq;14.600000;14.600000;-10;mq;mq;mq;mq;mq;mq;mq;mq;mq;mq;mq;mq;mq;mq;mq;mq;mq;mq;mq;mq;mq;mq;mq;mq;mq;
07690;20210319120000;101290;50;1;90;11.900000;284.050000;276.150000;58;50000;2;2;2;75;6;mq;35;23;10;100970;mq;mq;-400;mq;mq;mq;mq;279.850000;mq;mq;14.800000;16.200000;-10;0;0.000000;mq;mq;0.000000;-0.100000;-0.100000;-0.100000;0.200000;mq;mq;mq;mq;1;6;1500;6;3;3400;mq;mq;mq;mq;mq;mq;
07747;20210319120000;101360;-40;5;330;7.500000;283.550000;272.750000;47;46920;0;mq;mq;90;6;1250;mq;mq;mq;100830;mq;mq;-640;mq;mq;mq;mq;277.450000;mq;mq;12.800000;15.800000;-10;0;0.000000;mq;mq;0.000000;0.000000;-0.100000;-0.100000;-0.100000;mq;mq;mq;mq;5;mq;1200;6;mq;1380;7;mq;1620;mq;mq;mq;
07761;20210319120000;100960;-80;8;250;4.200000;285.550000;276.250000;53;46450;0;mq;mq;100;8;1750;mq;mq;mq;100850;mq;mq;-450;mq;mq;mq;mq;274.650000;mq;mq;6.900000;7.900000;-10;mq;0.000000;mq;mq;0.000000;0.000000;0.000000;0.000000;7.700000;mq;mq;mq;mq;1;mq;1620;7;mq;1980;8;mq;2580;mq;mq;mq;
07790;20210319120000;101280;-10;7;80;2.800000;283.850000;277.350000;64;51260;0;mq;mq;90;4;800;mq;mq;mq;101130;mq;mq;-320;mq;mq;mq;mq;273.450000;mq;mq;5.400000;5.400000;-10;mq;0.000000;mq;mq;0.000000;0.000000;4.200000;4.200000;4.200000;mq;mq;mq;mq;2;mq;930;4;mq;1230;5;mq;2040;mq;mq;mq;
61968;20210319120000;100820;190;8;110;2.500000;304.050000;297.950000;70;mq;mq;mq;mq;mq;mq;mq;mq;mq;mq;100780;mq;mq;-50;mq;298.550000;mq;305.250000;mq;mq;mq;mq;mq;mq;mq;mq;mq;mq;0.000000;0.000000;0.000000;0.000000;0.200000;mq;mq;mq;mq;mq;mq;mq;mq;mq;mq;mq;mq;mq;mq;mq;mq;
61972;20210319120000;101080;140;6;190;4.900000;304.050000;296.150000;63;mq;mq;mq;mq;mq;mq;mq;mq;mq;mq;101010;mq;mq;-10;mq;298.250000;mq;305.350000;mq;mq;mq;mq;mq;mq;mq;mq;mq;mq;0.000000;0.000000;0.000000;0.000000;0.000000;mq;mq;mq;mq;mq;mq;mq;mq;mq;mq;mq;mq;mq;mq;mq;mq;
61976;20210319120000;100800;300;7;150;9.200000;302.950000;297.150000;71;mq;mq;mq;mq;mq;mq;mq;mq;mq;mq;100710;mq;mq;-210;mq;299.150000;mq;303.750000;mq;mq;mq;mq;mq;mq;mq;mq;mq;mq;0.000000;0.000000;0.000000;0.000000;0.000000;mq;mq;mq;mq;mq;mq;mq;mq;mq;mq;mq;mq;mq;mq;mq;mq;
61980;20210319120000;101120;-50;6;100;9.000000;302.550000;294.550000;62;30170;0;mq;mq;mq;1;800;mq;mq;mq;100970;mq;mq;-50;mq;mq;mq;mq;mq;mq;mq;13.300000;13.300000;-10;mq;mq;mq;mq;0.000000;0.000000;0.200000;0.200000;0.600000;mq;mq;mq;mq;1;mq;810;5;mq;2580;mq;8;mq;mq;mq;mq;
61996;20210319120000;101600;50;3;240;6.900000;289.650000;284.550000;72;mq;mq;mq;mq;mq;mq;mq;mq;mq;mq;101260;mq;mq;420;mq;286.750000;mq;293.750000;mq;mq;mq;mq;mq;mq;mq;mq;mq;mq;0.000000;0.000000;0.000000;0.200000;0.400000;mq;mq;mq;mq;mq;mq;mq;mq;mq;mq;mq;mq;mq;mq;mq;mq;
61997;20210319120000;101070;60;1;300;5.700000;281.250000;278.350000;82;mq;mq;mq;mq;mq;mq;mq;mq;mq;mq;99300;mq;mq;-20;mq;279.550000;mq;286.350000;mq;mq;mq;mq;mq;mq;mq;mq;mq;mq;0.000000;0.000000;0.000000;0.000000;1.400000;mq;mq;mq;mq;mq;mq;mq;mq;mq;mq;mq;mq;mq;mq;mq;mq;
61998;20210319120000;101770;190;3;170;6.700000;277.750000;269.250000;54;50000;1;mq;mq;75;6;1250;34;20;10;101400;mq;mq;1530;mq;mq;mq;mq;mq;mq;mq;mq;9.300000;-10;mq;mq;mq;mq;0.000000;mq;0.000000;mq;mq;mq;mq;mq;mq;6;6;990;mq;mq;mq;mq;mq;mq;mq;mq;mq;
71805;20210319120000;100630;-280;6;190;15.900000;278.150000;277.450000;95;3600;60;6;6;100;8;150;37;mq;mq;100540;mq;mq;-1680;mq;mq;mq;mq;275.150000;mq;mq;21.600000;23.600000;-10;2;0.000000;0.000000;-60;0.600000;4.000000;14.300000;27.800000;29.000000;mq;mq;mq;mq;5;7;150;8;6;1200;mq;mq;mq;mq;mq;mq;
78890;20210319120000;101560;160;3;50;11.800000;299.250000;293.550000;71;mq;mq;mq;mq;mq;mq;mq;mq;mq;mq;101240;mq;mq;-50;mq;296.450000;mq;301.450000;mq;mq;mq;mq;mq;mq;mq;mq;mq;mq;0.000000;0.000000;0.000000;0.000000;0.000000;mq;mq;mq;mq;mq;mq;mq;mq;mq;mq;mq;mq;mq;mq;mq;mq;
78894;20210319120000;101690;180;2;60;12.100000;297.850000;292.250000;71;mq;mq;mq;mq;mq;mq;mq;mq;mq;mq;101170;mq;mq;-70;mq;296.850000;mq;301.550000;mq;mq;mq;mq;mq;mq;mq;mq;mq;mq;0.000000;0.000000;0.000000;0.000000;0.000000;mq;mq;mq;mq;mq;mq;mq;mq;mq;mq;mq;mq;mq;mq;mq;mq;
78897;20210319120000;101630;180;3;60;5.000000;299.350000;291.750000;63;41600;mq;mq;mq;mq;mq;mq;mq;mq;mq;101540;mq;mq;-50;mq;mq;mq;mq;mq;mq;mq;mq;mq;mq;mq;mq;mq;mq;0.000000;0.000000;0.000000;0.000000;-0.100000;mq;mq;mq;mq;mq;mq;mq;mq;mq;mq;mq;mq;mq;mq;mq;mq;
78922;20210319120000;101580;210;1;160;0.800000;297.150000;296.250000;95;mq;mq;mq;mq;mq;mq;mq;mq;mq;mq;101130;mq;mq;-10;mq;295.450000;mq;301.550000;mq;mq;mq;mq;mq;mq;mq;mq;mq;mq;1.200000;1.400000;2.800000;3.000000;3.000000;mq;mq;mq;mq;mq;mq;mq;mq;mq;mq;mq;mq;mq;mq;mq;mq;
78925;20210319120000;101550;190;2;110;3.400000;298.050000;294.750000;82;60000;0;mq;mq;90;6;450;mq;mq;mq;101460;mq;mq;-10;294.950000;mq;mq;302.950000;mq;mq;mq;6.100000;6.100000;-10;mq;mq;mq;mq;0.000000;0.400000;4.100000;8.800000;8.800000;mq;mq;mq;mq;3;mq;480;5;mq;720;6;mq;1050;mq;8;mq;
81401;20210319120000;101280;190;3;40;0.700000;299.950000;295.550000;77;mq;mq;mq;mq;mq;mq;mq;mq;mq;mq;101220;mq;mq;40;mq;293.450000;mq;304.550000;mq;mq;mq;mq;mq;mq;mq;mq;mq;mq;0.000000;0.000000;0.000000;0.000000;0.000000;mq;mq;mq;mq;mq;mq;mq;mq;mq;mq;mq;mq;mq;mq;mq;mq;
81405;20210319120000;101280;210;1;0;0.000000;299.250000;295.950000;82;34300;0;mq;mq;90;1;800;mq;mq;mq;101190;mq;mq;50;294.750000;mq;mq;mq;298.250000;mq;mq;0.600000;1.600000;-10;mq;mq;mq;mq;0.000000;0.200000;0.200000;0.200000;0.200000;mq;mq;mq;mq;1;mq;870;7;mq;1620;mq;mq;mq;mq;mq;mq;
81408;20210319120000;101270;210;1;20;0.700000;299.850000;295.250000;76;mq;mq;mq;mq;mq;mq;mq;mq;mq;mq;101190;mq;mq;70;mq;294.750000;mq;305.450000;mq;mq;mq;mq;mq;mq;mq;mq;mq;mq;0.000000;0.000000;0.000000;0.000000;0.000000;mq;mq;mq;mq;mq;mq;mq;mq;mq;mq;mq;mq;mq;mq;mq;mq;
81415;20210319120000;101350;220;1;50;0.900000;298.550000;294.250000;77;mq;mq;mq;mq;mq;mq;mq;mq;mq;mq;100130;mq;mq;10;mq;294.650000;mq;306.350000;mq;mq;mq;mq;mq;mq;mq;mq;mq;mq;0.000000;0.000000;0.000000;1.000000;1.000000;mq;mq;mq;mq;mq;mq;mq;mq;mq;mq;mq;mq;mq;mq;mq;mq;
89642;20210319120000;99530;400;3;140;10.300000;265.450000;260.950000;67;mq;mq;mq;mq;mq;mq;mq;mq;mq;mq;98980;mq;mq;mq;263.850000;mq;266.150000;mq;mq;mq;mq;mq;26.800000;-60;mq;mq;mq;mq;mq;mq;mq;mq;mq;mq;mq;mq;mq;mq;mq;mq;mq;mq;mq;mq;mq;mq;mq;mq;mq;
